No,NPSN,Nama Sekolah,Kab/Kota,Jumlah Siswa,Jumlah Dana
1,69950015,SMA Islam Terpadu Granada,Samarinda,356,"669,280,000"
2,30404461,SMAS Islam Samarinda,Samarinda,313,"588,440,000"
3,30404179,SMAS Sunodia Samarinda,Samarinda,295,"554,600,000"
4,69991845,SMA IT TURSINA,Samarinda,27,"50,760,000"
5,30404269,SMAS Nabil Husein Samarinda,Samarinda,155,"291,400,000"
6,30403013,SMAS Syaichona Cholil Samarinda,Samarinda,247,"464,360,000"
7,30404270,SMAS Setia Marga Samarinda,Samarinda,245,"460,600,000"
8,30404266,SMAS Muhammadiyah 2 Samarinda,Samarinda,42,"78,960,000"
9,69948500,SMA Budi Luhur,Samarinda,264,"496,320,000"
10,69774826,SMAS Plus Melati,Samarinda,96,"180,480,000"
11,30401063,SMAS Katolik W. R. Soepratman,Samarinda,338,"635,440,000"
12,30404265,SMAS Ma arif Samarinda,Samarinda,51,"95,880,000"
13,69984752,SMA ISTIQAMAH MUHAMMADIYAH,Samarinda,216,"406,080,000"
14,30403011,SMAS SF Assisi Samarinda,Samarinda,502,"943,760,000"
15,30404598,SMAS Tunas Kelapa Samarinda,Samarinda,52,"97,760,000"
16,30404178,SMAS Gotong Royong Samarinda,Samarinda,19,"35,720,000"
17,69948015,SMA Madina Citra Insani,Samarinda,60,"112,800,000"
18,70007239,SMA FASTABIQUL KHAIRAT,Samarinda,115,"216,200,000"
19,69978141,SMA TAHFIDZ AL-IZZAH,Samarinda,71,"133,480,000"
20,30404264,SMAS Al - Khairiyah Samarinda,Samarinda,63,"118,440,000"
21,70028531,SMA KRISTEN CITA HATI,Samarinda,82,"154,160,000"
22,30401062,SMAS Immanuel Samarinda,Samarinda,11,"20,680,000"
23,69766189,SMAS IT DAARUL HIKMAH,Bontang,330,"630,300,000"
24,30401828,SMAS ISLAM TERPADU YABIS BONTANG,Bontang,258,"492,780,000"
25,30401830,SMAS BAHRUL ULUM,Bontang,262,"500,420,000"
26,30401808,SMAS YKP MONAMAS BONTANG,Bontang,35,"66,850,000"
27,30401787,SMAS YAYASAN PENDIDIKAN VIDYA DAHANA PATRA,Bontang,373,"712,430,000"
28,30401809,SMAS YAYASAN PUPUK KALTIM BONTANG,Bontang,677,"1,293,070,000"
29,30401780,SMAS TUNAS BANGSA,Bontang,30,"57,300,000"
30,30401829,SMAS HIDAYATULLAH,Bontang,179,"341,890,000"
31,69901305,SMA IT AL AULIYA,Balikpapan,240,"439,200,000"
32,30401409,SMAS ADVENT,Balikpapan,110,"201,300,000"
33,30401501,SMAS KARTIKA V-1,Balikpapan,418,"764,940,000"
34,70010866,SMAIT Istiqamah Balikpapan,Balikpapan,174,"318,420,000"
35,30401500,SMAS KATHOLIK ADI SUCIPTO,Balikpapan,183,"334,890,000"
36,30401496,SMAS PATRA DHARMA,Balikpapan,400,"732,000,000"
37,69974739,SMAIT TRI SUKSES GENERUS,Balikpapan,156,"285,480,000"
38,69974737,SMA KRISTEN HARAPAN BANGSA,Balikpapan,99,"181,170,000"
39,30401498,SMA MUHAMMADIYAH 2 AL-MUJAHIDIN,Balikpapan,371,"678,930,000"
40,69987671,SMA INTEGRAL LUQMAN AL HAKIM,Balikpapan,58,"106,140,000"
41,30401497,SMAS NUSANTARA,Balikpapan,199,"364,170,000"
42,70048473,SMA AL IMAM ISLAMIC SCHOOL BALIKPAPAN,Balikpapan,50,"91,500,000"
43,70046800,SMA IT AL AZHAR BOARDING SCHOOL,Balikpapan,45,"82,350,000"
44,30401499,SMAS MUHAMMADIYAH 1,Balikpapan,50,"91,500,000"
45,30401493,SMAS SYAICHONA CHOLIL,Balikpapan,106,"193,980,000"
46,70028641,SMA NASIONAL KPS,Balikpapan,223,"408,090,000"
47,30402919,SMAS AL HASSAN,Balikpapan,64,"117,120,000"
48,30402081,SMAS ITCI PPU,Penajam Paser Utara,275,"511,500,000"
49,70006956,SMA ISLAM TERPADU AL-HIKMAH,Penajam Paser Utara,55,"102,300,000"
50,70004669,SMA INTEGRAL AL MUZZAMMIL,Penajam Paser Utara,37,"68,820,000"
51,69984683,SMA IT Al-Khawarizmi,Paser,61,"111,020,000"
52,30407371,SMAS ISLAM BINA IMAN,Paser,37,"67,340,000"
53,30400178,SMAS MUHAMMADIYAH TANAH GROGOT,Paser,218,"396,760,000"
54,69944364,SMA INTEGRAL LUQMAN AL HAKIM,Paser,79,"143,780,000"
55,30400578,SMA SWASTA AWANG LONG,Mahakam Ulu,17,"28,560,000"
56,30402379,SMA SWASTA MAHAKAM,Mahakam Ulu,16,"26,880,000"
57,70027332,SMA PLUS BUDI LUHUR MANDIRI,Kutai Timur,120,"205,200,000"
58,70040356,SMA Prima YPPSB,Kutai Timur,411,"702,810,000"
59,30404429,SMAS BAKTI SEJAHTERA,Kutai Timur,153,"261,630,000"
60,70042390,SMA Islam Terpadu Daarussalaam Sangatta,Kutai Timur,112,"191,520,000"
61,69860790,SMA IT AL-HIDAYAH TENGGARONG,Kutai Kartanegara,57,"100,320,000"
62,69769393,SMA IT NURUL ILMI TENGGARONG,Kutai Kartanegara,97,"170,720,000"
63,30400323,SMA GOTONG ROYONG KOTA BANGUN,Kutai Kartanegara,59,"103,840,000"
64,30405308,SMA ISLAM SANIPAH SAMBOJA,Kutai Kartanegara,98,"172,480,000"
65,30405307,SMA ISLAM ULUMUDDIN SAMBOJA,Kutai Kartanegara,229,"403,040,000"
66,30405322,SMA NURUL YAQIN SEBULU,Kutai Kartanegara,61,"107,360,000"
67,30405331,SMA MARTADIPURA MUARA KAMAN,Kutai Kartanegara,134,"235,840,000"
68,30405309,SMA AL HAYAT SAMBOJA,Kutai Kartanegara,76,"133,760,000"
69,70047860,SMA Evans Indonesia Kota Bangun,Kutai Kartanegara,63,"110,880,000"
70,70010059,SMA KARAKTER BANGSA BOARDING SCHOOL,Kutai Kartanegara,49,"86,240,000"
71,30405329,SMA RAHMATULLAH MARANG KAYU,Kutai Kartanegara,6,"10,560,000"
72,30405325,SMA YPM DIPONEGORO TENGGARONG SEBERANG,Kutai Kartanegara,113,"198,880,000"
73,30405306,SMA HARAPAN SAMBOJA,Kutai Kartanegara,60,"105,600,000"
74,30405318,SMA AL MUNAWWAROH TENGGARONG,Kutai Kartanegara,104,"183,040,000"
75,30405317,SMA YPK TENGGARONG,Kutai Kartanegara,71,"124,960,000"
76,30405326,SMA AL MUHAJIRIN MUARA BADAK,Kutai Kartanegara,62,"109,120,000"
77,30405339,SMA MUHAMMADIYAH TENGGARONG,Kutai Kartanegara,89,"156,640,000"
78,30405335,SMA KI HAJAR DEWANTARA KEMBANG JANGGUT,Kutai Kartanegara,65,"114,400,000"
79,30400558,SMAS SURYA MANDALA,Kutai Barat,12,"19,320,000"
80,69786406,SMAS KRISTEN BALA KESELAMATAN,Kutai Barat,17,"27,370,000"
81,30400559,SMAS SARI MENTANANG,Kutai Barat,31,"49,910,000"
82,69947957,SMA KALAM SEJAHTERA,Kutai Barat,60,"96,600,000"
83,69875543,SMA ADVENT SENDAWAR,Kutai Barat,9,"14,490,000"
84,69902911,SMA IT ASH SHOHWAH,Berau,83,"152,720,000"
85,69930839,SMA INTEGRAL HIDAYATULLAH,Berau,90,"165,600,000"
86,70043825,SMA Ibnu Katsir Tanjung Redeb,Berau,30,"55,200,000"
87,30404355,SMAS PGRI 13 TANJUNG REDEB,Berau,395,"726,800,000"
88,30404227,SMAS MUHAMADIYAH TANJUNG REDEB,Berau,341,"627,440,000"
1,30401069,SMKS Cokroaminoto Samarinda,Samarinda,12,"27,240,000"
2,69830684,SMK Integral Hidayatullah,Samarinda,9,"20,430,000"
3,30405842,SMKS IT Subulussalam,Samarinda,46,"104,420,000"
4,30401075,SMKS Pemuda Samarinda,Samarinda,22,"49,940,000"
5,30404604,SMKS Darussalam Samarinda,Samarinda,26,"59,020,000"
6,30404129,SMKS Katolik 2 WR. Soepratman,Samarinda,66,"149,820,000"
7,30404271,SMKS TI Airlangga,Samarinda,271,"615,170,000"
8,30401088,SMKS Muhammadiyah 3 Samarinda,Samarinda,369,"837,630,000"
9,30404359,SMKS Farmasi Samarinda,Samarinda,149,"338,230,000"
10,30404274,SMKS Nabil Husein Samarinda,Samarinda,106,"240,620,000"
11,30401086,SMKS Muhammadiyah 1 Samarinda,Samarinda,148,"335,960,000"
12,30401073,SMKS Nuri Samarinda,Samarinda,19,"43,130,000"
13,30405709,SMKS Plus Melati Samarinda,Samarinda,36,"81,720,000"
14,30401087,SMKS Muhammadiyah 2 Samarinda,Samarinda,100,"227,000,000"
15,30406110,SMKS Terpadu Madina Samarinda,Samarinda,58,"131,660,000"
16,30401078,SMKS PGRI 5 SAMARINDA,Samarinda,11,"24,970,000"
17,30405836,SMKS Kesehatan Samarinda,Samarinda,442,"1,003,340,000"
18,30405722,SMKS TI Labbaika,Samarinda,516,"1,171,320,000"
19,30401056,SMKS Al Khairiyah Samarinda,Samarinda,66,"149,820,000"
20,30407724,SMKS Jamiatul Muttaqin,Samarinda,97,"220,190,000"
21,30401085,SMKS Miftahul Ulum Samarinda,Samarinda,90,"204,300,000"
22,30407767,SMKS Medika Samarinda,Samarinda,"1,410","3,200,700,000"
23,30406109,SMKS TI Pratama PGRI Samarinda,Samarinda,38,"86,260,000"
24,30403014,SMKS Cendana DDI Samarinda,Samarinda,151,"342,770,000"
25,30406107,SMKS Al Azhar Samarinda,Samarinda,53,"120,310,000"
26,30401070,SMKS Istiqomah Muhammadiyah 4 Samarinda,Samarinda,604,"1,371,080,000"
27,30401090,SMKS YPS Samarinda,Samarinda,70,"158,900,000"
28,30401778,SMKS YP RIGOMASI BONTANG,Bontang,125,"288,750,000"
29,30405691,SMKS NUSANTARA MANDIRI,Bontang,471,"1,088,010,000"
30,30407788,SMKS CENDIKIA,Bontang,96,"221,760,000"
31,30401783,SMKS MUHAMMADIYAH BONTANG,Bontang,55,"127,050,000"
32,69755557,SMKS IT BANI ABDURRAHMAN,Bontang,113,"261,030,000"
33,30401779,SMKS YKPP BONTANG,Bontang,144,"332,640,000"
34,30409872,SMKS GALILEA,Bontang,37,"85,470,000"
35,30401781,SMKS PUTRA BANGSA BONTANG,Bontang,462,"1,067,220,000"
36,30401784,SMKS MARITIM INDONESIA,Bontang,61,"140,910,000"
37,30401512,SMKS KARTIKA V 1 BALIKPAPAN,Balikpapan,"1,526","3,387,720,000"
38,70040456,SMK CENDEKIA AL-IZZAH,Balikpapan,43,"95,460,000"
39,30401486,SMKS PANCA DHARMA BALIKPAPAN,Balikpapan,533,"1,183,260,000"
40,69960805,SMK PERSADA BHAKTI BALIKPAPAN,Balikpapan,329,"730,380,000"
41,69894554,SMK BINA PRESTASI AMI BALIKPAPAN,Balikpapan,289,"641,580,000"
42,30401463,SMKS SABILAL MUHTADIN BALIKPAPAN,Balikpapan,52,"115,440,000"
43,69869763,SMK BHAKTI INDONESIA,Balikpapan,8,"17,760,000"
44,30406263,SMKS NAHDLATUL ULAMA BALIKPAPAN,Balikpapan,81,"179,820,000"
45,30401511,SMKS MUHAMMADIYAH 1 BALIKPAPAN,Balikpapan,132,"293,040,000"
46,30401515,SMKS DUTA BANGSA BALIKPAPAN,Balikpapan,244,"541,680,000"
47,30401464,SMKS PERTIWI BALIKPAPAN,Balikpapan,329,"730,380,000"
48,30402922,SMKS MULAWARMAN BALIKPAPAN,Balikpapan,45,"99,900,000"
49,30401460,SMKS SYAICHONA CHOLIL,Balikpapan,41,"91,020,000"
50,69939919,SMK NURUL KHAERAT LIL MUHIBBIN,Balikpapan,6,"13,320,000"
51,69786293,SMKS KESEHATAN AIRLANGGA,Balikpapan,446,"990,120,000"
52,69982415,SMK MIGAS INSAN KAMIL BALIKPAPAN,Balikpapan,288,"639,360,000"
53,30402923,SMKS TRI MITRA TELAGA SARI,Balikpapan,64,"142,080,000"
54,30401505,SMKS NUSANTARA BALIKPAPAN,Balikpapan,983,"2,182,260,000"
55,30401462,SMKS SETIA BUDI BALIKPAPAN,Balikpapan,782,"1,736,040,000"
56,30402921,SMKS IT AL AQSHA BALIKPAPAN,Balikpapan,75,"166,500,000"
57,30407679,SMK SINAR PANCASILA,Balikpapan,96,"213,120,000"
58,30407677,SMKS ADZKIYA,Balikpapan,451,"1,001,220,000"
59,30401513,SMKS IBNU KHALDUN BALIKPAPAN,Balikpapan,636,"1,411,920,000"
60,30401485,SMKS PANGERAN ANTASARI BALIKPAPAN,Balikpapan,"1,012","2,246,640,000"
61,30401517,SMKS AIRLANGGA BALIKPAPAN,Balikpapan,634,"1,407,480,000"
62,69946738,SMK MUHAMMADIYAH 2 PENAJAM PASER UTARA,Penajam Paser Utara,124,"279,000,000"
63,30407288,SMKS MUHAMADDIAH,Penajam Paser Utara,340,"765,000,000"
64,30402084,SMKS PELITA GAMA PENAJAM,Penajam Paser Utara,261,"587,250,000"
65,30409868,SMK INNE DONGWHA,Penajam Paser Utara,239,"537,750,000"
66,70037340,SMK Nusantara PPU,Penajam Paser Utara,58,"130,500,000"
67,30405265,SMKS MUHAMMADIYAH LONG IKIS,Paser,705,"1,558,050,000"
68,30407736,SMKS KERTANEGARA KUARO,Paser,188,"415,480,000"
69,69786428,SMKS PGRI MUARA KOMAM,Paser,243,"537,030,000"
70,30408004,SMK MUHAMMADIYAH LONGKALI,Paser,38,"83,980,000"
71,69759028,SMKS AL IKHLAS LONG KALI,Paser,121,"267,410,000"
72,30405357,SMKS PGRI 2 TANAH GROGOT,Paser,189,"417,690,000"
73,30409888,SMK SWASTA PELITA MAHAKAM,Mahakam Ulu,61,"120,170,000"
74,60726654,SMK SWASTA CAHAYA MULIA,Mahakam Ulu,40,"78,800,000"
75,69981642,SMK AL-QURAN DAN DAKWAH ALAM,Kutai Timur,29,"60,900,000"
76,30400776,SMKS HIDAYATUL MUBTADIIN KONGBENG,Kutai Timur,305,"640,500,000"
77,30405622,SMKS SINGA GEWEH,Kutai Timur,173,"363,300,000"
78,30400778,SMKS HASANUDDIN SANGATTA SELATAN,Kutai Timur,47,"98,700,000"
79,30404577,SMKS ISLAM NURUL HIKMAH,Kutai Timur,292,"613,200,000"
80,30404455,SMKS AL KAUTSAR BENGALON,Kutai Timur,89,"186,900,000"
81,30405683,SMKS KUTIM CEMERLANG,Kutai Timur,234,"491,400,000"
82,30404529,SMKS MUHAMMADIYAH 1 SANGATTA UTARA,Kutai Timur,717,"1,505,700,000"
83,30404457,SMKS MUHAMMADIYAH SANGKULIRANG,Kutai Timur,288,"604,800,000"
84,30407809,SMK SYARIF HIDAYATULLAH MUARA BADAK,Kutai Kartanegara,110,"235,400,000"
85,30405302,SMK BHAKTI LOA JANAN,Kutai Kartanegara,"1,064","2,276,960,000"
86,70009642,SMK Gerbang Raja Tenggarong,Kutai Kartanegara,312,"667,680,000"
87,30405303,SMK MUHAMMADIYAH SANGA-SANGA,Kutai Kartanegara,216,"462,240,000"
88,30407742,SMK DIPONEGORO SAMBOJA,Kutai Kartanegara,21,"44,940,000"
89,30409890,SMK DARUL FALAH TENGGARONG,Kutai Kartanegara,39,"83,460,000"
90,30400227,SMK GEOLOGI PERTAMBANGAN TENGGARONG,Kutai Kartanegara,665,"1,423,100,000"
91,69860520,SMK MUHAMMADIYAH MUARA BADAK,Kutai Kartanegara,101,"216,140,000"
92,30405785,SMK JAYA KENCANA KOTA BANGUN,Kutai Kartanegara,349,"746,860,000"
93,30407390,SMK KETOPONG TENGGARONG,Kutai Kartanegara,233,"498,620,000"
94,70013872,SMK AL-IDRUS KUTAI KARTANEGARA,Kutai Kartanegara,55,"117,700,000"
95,30405301,SMK AJI BAIDURI LOA JANAN,Kutai Kartanegara,27,"57,780,000"
96,30405784,SMK DUTA BANGSA SAMBOJA,Kutai Kartanegara,245,"524,300,000"
97,30407704,SMK AYODYA MARTA KENOHAN,Kutai Kartanegara,108,"231,120,000"
98,30405299,SMK MUHAMMADIYAH LOA JANAN,Kutai Kartanegara,819,"1,752,660,000"
99,69902882,SMK EL-FHALUY AL FAIZIN LOA KULU,Kutai Kartanegara,106,"226,840,000"
100,30400228,SMK MUHAMMADIYAH LOA KULU,Kutai Kartanegara,225,"481,500,000"
101,30405304,SMK PRASETYA BUDI LUHUR MUARA JAWA,Kutai Kartanegara,269,"575,660,000"
102,30405293,SMK TUNAS ETAM TENGGARONG SEBERANG,Kutai Kartanegara,267,"571,380,000"
103,30400213,SMK YPK TENGGARONG,Kutai Kartanegara,293,"627,020,000"
104,30405765,SMK PARTI LOA KULU,Kutai Kartanegara,30,"64,200,000"
105,30405296,SMK YP 17 TENGGARONG SEBERANG,Kutai Kartanegara,23,"49,220,000"
106,30405788,SMK PURWAJAYA LOA JANAN,Kutai Kartanegara,301,"644,140,000"
107,69764524,SMK YPM DIPONEGORO TENGGARONG SEBERANG,Kutai Kartanegara,108,"231,120,000"
108,30405305,SMK NASIONAL MUARA JAWA,Kutai Kartanegara,329,"704,060,000"
109,30405783,SMK PESISIR SAMBOJA,Kutai Kartanegara,300,"642,000,000"
110,30405787,SMK UTAMA AL-JABAL NUR SAMBOJA,Kutai Kartanegara,197,"421,580,000"
111,30402393,SMKS SURYA MANDALA SENDAWAR,Kutai Barat,14,"27,860,000"
112,30400572,SMK KATOLIK 1 SANTO YOSEP 002 BARONG TONGKOK,Kutai Barat,9,"17,910,000"
113,30400569,SMKS SINAR ABADI MELAK,Kutai Barat,81,"161,190,000"
114,69947959,SMK KESEHATAN KARTINI,Kutai Barat,47,"93,530,000"
115,69815417,SMK KESEHATAN BUDI BAKTI TERING,Kutai Barat,19,"37,810,000"
116,30400571,SMKS AVE BUNGEN TANA,Kutai Barat,46,"91,540,000"
117,30400570,SMKS PURNAMA 1 BARONG TONGKOK,Kutai Barat,366,"728,340,000"
118,30404230,SMKS MUHAMMADIYAH,Berau,609,"1,358,070,000"
119,69775247,SMKS AL FALAH QUEEN,Berau,47,"104,810,000"
120,69786401,SMKS INSAN CEMERLANG,Berau,12,"26,760,000"
121,30404243,SMKS INTEGRAL HIDAYATULLAH BERAU,Berau,54,"120,420,000"
122,30404244,SMKS SEHAT PERSADA,Berau,153,"341,190,000"
123,30404525,SMKS MAARIF NU 01 BERAU,Berau,253,"564,190,000"
1,30401049,SLB C D UNTUNG TUAH,Samarinda,40,"88,400,000"
2,69889019,Sekolah Khusus Pelita Bunda,Samarinda,47,"103,870,000"
3,69774828,SLB MUTIARA KASIH,Samarinda,43,"95,030,000"
4,69753985,SLB WIDYA KARYA,Samarinda,66,"145,860,000"
5,69967615,Sekolah Khusus Istiqomah Samarinda,Samarinda,30,"66,300,000"
6,69774827,SLB TUNAS HARAPAN,Samarinda,61,"134,810,000"
7,30405644,SLB UNTUNG TUAH,Samarinda,75,"165,750,000"
8,30407424,SLB CEMARA WILIS,Samarinda,30,"66,300,000"
9,69947996,SLB Bhakti Pertiwi Kaltim,Samarinda,24,"53,040,000"
10,69822498,SLB BORNEO CENTER,Bontang,11,"25,300,000"
11,30401832,SLB PERMATA BUNDA,Bontang,32,"73,600,000"
12,69958787,SLB YAYASAN PENDIDIKAN AMALI BONTANG,Bontang,28,"64,400,000"
13,70001505,SLB Bina Kasih Mandiri,Bontang,14,"32,200,000"
14,30404465,SLB YPK,Bontang,39,"89,700,000"
15,30402882,SLB DHARMA KENCANA BALIKPAPAN,Balikpapan,116,"244,760,000"
16,69965143,Sekolah Khusus Santo Fransiskus Assisi,Balikpapan,89,"187,790,000"
17,30402883,SLB TUNAS BANGSA,Balikpapan,85,"179,350,000"
18,30400779,SLB DAARUSSALAAM,Kutai Timur,64,"149,120,000"
19,69878226,SLB BAHASA HATI,Kutai Timur,10,"23,300,000"
20,69969940,SLB MUTMAINNAH,Kutai Kartanegara,10,"24,300,000"
21,70043018,SLB Harapan Insani,Kutai Kartanegara,17,"41,310,000"
22,30407686,SLB KUTAI KARTANEGARA TENGGARONG,Kutai Kartanegara,39,"94,770,000"
23,69969001,SLB Tunas Mandiri,Kutai Kartanegara,47,"114,210,000"
24,69931888,SEKOLAH KHUSUS BINA INSAN MANDIRI TENGGARONG,Kutai Kartanegara,47,"114,210,000"
1,1.31265E+11,MAS AL-USWAH,Samarinda,41,"97,580,000"
2,1.31165E+11,MAN 1 SAMARINDA,Samarinda,835,"1,987,300,000"
3,1.31265E+11,MAS MIC,Samarinda,51,"121,380,000"
4,1.31165E+11,MAN 2 SAMARINDA,Samarinda,985,"2,344,300,000"
5,1.31265E+11,MAS AS-SA'ADIYAH,Samarinda,35,"83,300,000"
6,1.31265E+11,MAS MA'ARIF NU 1 SAMARINDA,Samarinda,80,"190,400,000"
7,1.31265E+11,MAS DARUSSALAM BOARDING SCHOOL,Samarinda,138,"328,440,000"
8,1.31265E+11,MAS LUQMAN AL HAKIM,Samarinda,92,"218,960,000"
9,1.31265E+11,MAS SABILAL MUHTADIN,Samarinda,27,"64,260,000"
10,1.31265E+11,MAS SABILARRASYAD,Samarinda,282,"671,160,000"
11,1.31265E+11,MAS DDI TANI AMAN,Samarinda,90,"214,200,000"
12,1.31265E+11,MAS DARUL IHSAN,Samarinda,291,"692,580,000"
13,1.31265E+11,MA AN NUR,Samarinda,87,"207,060,000"
14,1.31265E+11,MAS AL MUJAHIDIN,Samarinda,91,"216,580,000"
15,1.31265E+11,MAS AL ARSYADI,Samarinda,47,"111,860,000"
16,1.31265E+11,MAS DDI BONTANG,Bontang,28,"68,040,000"
17,1.31165E+11,MAN BONTANG,Bontang,506,"1,229,580,000"
18,1.31265E+11,MAS ASY-SYIFA,Balikpapan,197,"472,800,000"
19,1.31265E+11,MAS SABILAL MUHTADIN,Balikpapan,35,"84,000,000"
20,1.31265E+11,MAS DARUN NAJAH,Balikpapan,32,"76,800,000"
21,1.31265E+11,MAS RADHIYATAN MARDHIYYAH PUTRA,Balikpapan,99,"237,600,000"
22,1.31165E+11,MAN BALIKPAPAN,Balikpapan,562,"1,348,800,000"
23,1.31265E+11,MAS MARDHATILLAH,Balikpapan,33,"79,200,000"
24,1.31265E+11,MAS HIDAYATUL MUSTAQIM,Balikpapan,110,"264,000,000"
25,1.31265E+11,MAS RAADHIYATAN MARDHIYYAH PUTRI,Balikpapan,179,"429,600,000"
26,1.31264E+11,MAS SEPAKU,Penajam Paser Utara,9,"21,240,000"
27,1.31264E+11,MAS DARUL ULUM,Penajam Paser Utara,24,"56,640,000"
28,1.31264E+11,MAS NURUL HIDAYAH,Penajam Paser Utara,21,"49,560,000"
29,1.31264E+11,MAS HAYATUL ISLAMIYAH,Penajam Paser Utara,18,"42,480,000"
30,1.31264E+11,MAS BINA UL MUHAJIRIN,Penajam Paser Utara,106,"250,160,000"
31,1.31264E+11,MAS AL FALAH,Penajam Paser Utara,62,"146,320,000"
32,1.31164E+11,MAN PENAJAM PASER UTARA,Penajam Paser Utara,302,"712,720,000"
33,1.31264E+11,MAS AL IHSAN,Paser,85,"200,600,000"
34,1.31264E+11,MAS SUBULUSSALAM KUARO,Paser,22,"51,920,000"
35,1.31264E+11,MAS AL-IKHLAS,Paser,104,"245,440,000"
36,1.31264E+11,MAS HUBBUL WATHAN NW PASER,Paser,28,"66,080,000"
37,1.31264E+11,MAS FATHUR RAHMAN,Paser,136,"320,960,000"
38,1.31264E+11,MA AL MAZAYA PASER,Paser,88,"207,680,000"
39,1.31264E+11,MA ANWARUS SALAF,Paser,75,"177,000,000"
40,1.31264E+11,MAS AL FURQON,Paser,133,"313,880,000"
41,1.31264E+11,MAS BINA ISLAM,Paser,57,"134,520,000"
42,1.31264E+11,MAS BABUSSALAM,Paser,20,"47,200,000"
43,1.31264E+11,MAS TRUBUS IMAN,Paser,270,"637,200,000"
44,1.31264E+11,MAS NURUL KHAIR,Paser,59,"139,240,000"
45,1.31164E+11,MAN INSAN CENDEKIA PASER,Paser,355,"837,800,000"
46,1.31164E+11,MAN PASER,Paser,581,"1,371,160,000"
47,1.31264E+11,MAS ISTIQAMAH,Paser,18,"42,480,000"
48,1.31264E+11,MA AL MUKARRAM,Paser,13,"30,680,000"
49,1.31264E+11,MAS AL MUFID,Kutai Timur,20,"44,200,000"
50,1.31264E+11,MA AL-FALAH,Kutai Timur,39,"86,190,000"
51,1.31264E+11,MA NUR ANNISA KARTANEGARA,Kutai Timur,46,"101,660,000"
52,1.31264E+11,MA MUS'AB BIN UMAIR,Kutai Timur,44,"97,240,000"
53,1.31264E+11,MAS MBS KUTAI TIMUR,Kutai Timur,14,"30,940,000"
54,1.31264E+11,MA AN NABAWI,Kutai Timur,47,"103,870,000"
55,1.31264E+11,MAS NURUSSA ADAH,Kutai Timur,32,"70,720,000"
56,1.31264E+11,MAS NURUL HIKMAH,Kutai Timur,57,"125,970,000"
57,1.31264E+11,MAS DAARUL IKHLAASH,Kutai Timur,106,"234,260,000"
58,1523142025,SMAK SANTA YOSEPH,Kutai Timur,210,"464,100,000"
59,1.31264E+11,MAS HIDAYATUL MUBTADIIN,Kutai Kartanegara,10,"22,600,000"
60,1.31264E+11,MAS NAHDLATUL WATHAN,Kutai Kartanegara,81,"183,060,000"
61,1.31264E+11,MAS DDI KARYA BARU LOA JANAN,Kutai Kartanegara,113,"255,380,000"
62,1.31264E+11,MAS AL IKHSAN,Kutai Kartanegara,36,"81,360,000"
63,1.31164E+11,MAN 2 KUTAI KARTANEGARA,Kutai Kartanegara,874,"1,975,240,000"
64,1.31164E+11,MAN 1 KUTAI KARTANEGARA,Kutai Kartanegara,257,"580,820,000"
65,1.31264E+11,MAS AS ADIYAH SANTAN TENGAH,Kutai Kartanegara,150,"339,000,000"
66,1.31264E+11,MAS BAHRUL ULUM,Kutai Kartanegara,53,"119,780,000"
67,1.31264E+11,MAS DARUL IHSAN,Kutai Kartanegara,67,"151,420,000"
68,1.31264E+11,MAS IBADURRAHMAN,Kutai Kartanegara,61,"137,860,000"
69,1.31264E+11,MAS DARUL IKHLAS,Kutai Kartanegara,41,"92,660,000"
70,1.31264E+11,MAS AT-TADZKIR,Kutai Kartanegara,38,"85,880,000"
71,1.31264E+11,MA AL-MUHIBBIN,Kutai Kartanegara,65,"146,900,000"
72,1.31264E+11,MA AL MAHSYAR NURUL IMAN,Kutai Kartanegara,21,"47,460,000"
73,1.31264E+11,MAS MIFTAHUL ULUM ANGGANA,Kutai Kartanegara,243,"549,180,000"
74,1.31264E+11,MAS AL MASYHURIYAH,Kutai Kartanegara,39,"88,140,000"
75,1.31264E+11,MAS AL MUKARRAMAH MUARA JAWA,Kutai Kartanegara,67,"151,420,000"
76,1.31264E+11,MAS NURUDDIN SAMBOJA,Kutai Kartanegara,242,"546,920,000"
77,1.31264E+11,MAS AL MU MINUN MUARA MUNTAI,Kutai Kartanegara,132,"298,320,000"
78,1.31264E+11,MAS PPKP RIBATHUL KHAIL TENGGARONG,Kutai Kartanegara,139,"314,140,000"
79,1.31264E+11,MA DARUNNAFI',Kutai Kartanegara,26,"58,760,000"
80,1.31264E+11,MA DAARUL QUR'AN WATTARBIYAH,Kutai Kartanegara,69,"155,940,000"
81,1.31264E+11,MA ISHLAHUL UMMAH MUARA KAMAN,Kutai Kartanegara,29,"65,540,000"
82,1.31264E+11,MAS HADIQOTUL ‘ULUM,Kutai Kartanegara,20,"45,200,000"
83,1.31264E+11,MAS SUBULUSSALAM,Kutai Barat,55,"118,250,000"
84,1.31264E+11,MAS AL HIKMAH,Kutai Barat,26,"55,900,000"
85,1.31164E+11,MAN KUTAI BARAT,Kutai Barat,85,"182,750,000"
86,1.31264E+11,MA HAJI ABDUL THAIB LAGUNGGUNG,Kutai Barat,3,"6,450,000"
87,1.31264E+11,MA AL KAUTSAR,Kutai Barat,24,"51,600,000"
88,1.31264E+11,MAS AL-KHOLIL NU BERAU,Berau,54,"129,600,000"
89,1.31264E+11,MAS NURUL MUHAJIRIN,Berau,41,"98,400,000"
90,1.31264E+11,MA AL-RIDHO BERAU,Berau,19,"45,600,000"
91,1.31264E+11,MAS ISTIQOMAH NWDI BERAU,Berau,34,"81,600,000"
92,1.31164E+11,MAN BERAU,Berau,391,"938,400,000"
,,,,,
,,,,,
,,,,,
,,,,,
,,,,,
,,,,,
,,,,,
,,,,,
,,,,,
,,,,,
,,,,,
,,,,,
,,,,,
,,,,,
,,,,,
,,,,,
,,,,,
,,,,,
,,,,,
,,,,,
,,,,,
,,,,,
,,,,,
,,,,,
,,,,,
,,,,,
,,,,,
,,,,,
,,,,,
,,,,,
,,,,,
,,,,,
,,,,,
,,,,,
,,,,,
,,,,,
,,,,,
,,,,,
,,,,,
,,,,,
,,,,,
,,,,,
,,,,,
,,,,,
,,,,,
,,,,,
,,,,,
,,,,,
,,,,,
,,,,,
,,,,,
,,,,,
,,,,,
,,,,,
,,,,,
,,,,,
,,,,,
,,,,,
,,,,,
,,,,,
,,,,,
,,,,,
,,,,,
,,,,,
,,,,,
,,,,,
,,,,,
,,,,,
,,,,,
,,,,,
,,,,,
,,,,,
,,,,,
,,,,,
,,,,,
,,,,,
,,,,,
,,,,,
,,,,,
,,,,,
,,,,,
,,,,,
,,,,,
,,,,,
,,,,,
,,,,,
,,,,,
,,,,,
,,,,,
,,,,,
,,,,,
,,,,,
,,,,,
,,,,,
,,,,,
,,,,,
,,,,,
,,,,,
,,,,,
,,,,,
,,,,,
,,,,,
,,,,,
,,,,,
,,,,,
,,,,,
,,,,,
,,,,,
,,,,,
,,,,,
,,,,,
,,,,,
,,,,,
,,,,,
,,,,,
,,,,,
,,,,,
,,,,,
,,,,,
,,,,,
,,,,,
,,,,,
,,,,,
,,,,,
,,,,,
,,,,,
,,,,,
,,,,,
,,,,,
,,,,,
,,,,,
,,,,,
,,,,,
,,,,,
,,,,,
,,,,,
,,,,,
,,,,,
,,,,,
,,,,,
,,,,,
,,,,,
,,,,,
,,,,,
,,,,,
,,,,,
,,,,,
,,,,,
,,,,,
,,,,,
,,,,,
,,,,,
,,,,,
,,,,,
,,,,,
,,,,,
,,,,,
,,,,,
,,,,,
,,,,,
,,,,,
,,,,,
,,,,,
,,,,,
,,,,,
,,,,,
,,,,,
,,,,,
,,,,,
,,,,,
,,,,,
,,,,,
,,,,,
,,,,,
,,,,,
,,,,,
,,,,,
,,,,,
,,,,,
,,,,,
,,,,,
,,,,,
,,,,,
,,,,,
,,,,,
,,,,,
,,,,,
,,,,,
,,,,,
,,,,,
,,,,,
,,,,,
,,,,,
,,,,,
,,,,,
,,,,,
,,,,,
,,,,,
,,,,,
,,,,,
,,,,,
,,,,,
,,,,,
,,,,,
,,,,,
,,,,,
,,,,,
,,,,,
,,,,,
,,,,,
,,,,,
,,,,,
,,,,,
,,,,,
,,,,,
,,,,,
,,,,,
,,,,,
,,,,,
,,,,,
,,,,,
,,,,,
,,,,,
,,,,,
,,,,,
,,,,,
,,,,,
,,,,,
,,,,,
,,,,,
,,,,,
,,,,,
,,,,,
,,,,,
,,,,,
,,,,,
,,,,,
,,,,,
,,,,,
,,,,,
,,,,,
,,,,,
,,,,,
,,,,,
,,,,,
,,,,,
,,,,,
,,,,,
,,,,,
,,,,,
,,,,,
,,,,,
,,,,,
,,,,,
,,,,,
,,,,,
,,,,,
,,,,,
,,,,,
,,,,,
,,,,,
,,,,,
,,,,,
,,,,,
,,,,,
,,,,,
,,,,,
,,,,,
,,,,,
,,,,,
,,,,,
,,,,,
,,,,,
,,,,,
,,,,,
,,,,,
,,,,,
,,,,,
,,,,,
,,,,,
,,,,,
,,,,,
,,,,,
,,,,,
,,,,,
,,,,,
,,,,,
,,,,,
,,,,,
,,,,,
,,,,,
,,,,,
,,,,,
,,,,,
,,,,,
,,,,,
,,,,,
,,,,,
,,,,,
,,,,,
,,,,,
,,,,,
,,,,,
,,,,,
,,,,,
,,,,,
,,,,,
,,,,,
,,,,,
,,,,,
,,,,,
,,,,,
,,,,,
,,,,,
,,,,,
,,,,,
,,,,,
,,,,,
,,,,,
,,,,,
,,,,,
,,,,,
,,,,,
,,,,,
,,,,,
,,,,,
,,,,,
,,,,,
,,,,,
,,,,,
,,,,,
,,,,,
,,,,,
,,,,,
,,,,,
,,,,,
,,,,,
,,,,,
,,,,,
,,,,,
,,,,,
,,,,,
,,,,,
,,,,,
,,,,,
,,,,,
,,,,,
,,,,,
,,,,,
,,,,,
,,,,,
,,,,,
,,,,,
,,,,,
,,,,,
,,,,,
,,,,,
,,,,,
,,,,,
,,,,,
,,,,,
,,,,,
,,,,,
,,,,,
,,,,,
,,,,,
,,,,,
,,,,,
,,,,,
,,,,,
,,,,,
,,,,,
,,,,,
,,,,,
,,,,,
,,,,,
,,,,,
,,,,,
,,,,,
,,,,,
,,,,,
,,,,,
,,,,,
,,,,,
,,,,,
,,,,,
,,,,,
,,,,,
,,,,,
,,,,,
,,,,,
,,,,,
,,,,,
,,,,,
,,,,,
,,,,,
,,,,,
,,,,,
,,,,,
,,,,,
,,,,,
,,,,,
,,,,,
,,,,,
,,,,,
,,,,,
,,,,,
,,,,,
,,,,,
,,,,,
,,,,,
,,,,,
,,,,,
,,,,,
,,,,,
,,,,,
,,,,,
,,,,,
,,,,,
,,,,,
,,,,,
,,,,,
,,,,,
,,,,,
,,,,,
,,,,,
,,,,,
,,,,,
,,,,,
,,,,,
,,,,,
,,,,,
,,,,,
,,,,,
,,,,,
,,,,,
,,,,,
,,,,,
,,,,,
,,,,,
,,,,,
,,,,,
,,,,,
,,,,,
,,,,,
,,,,,
,,,,,
,,,,,
,,,,,
,,,,,
,,,,,
,,,,,
,,,,,
,,,,,
,,,,,
,,,,,
,,,,,
,,,,,
,,,,,
,,,,,
,,,,,
,,,,,
,,,,,
,,,,,
,,,,,
,,,,,
,,,,,
,,,,,
,,,,,
,,,,,
,,,,,
,,,,,
,,,,,
,,,,,
,,,,,
,,,,,
,,,,,
,,,,,
,,,,,
,,,,,
,,,,,
,,,,,
,,,,,
,,,,,
,,,,,
,,,,,
,,,,,
,,,,,
,,,,,
,,,,,
,,,,,
,,,,,
,,,,,
,,,,,
,,,,,
,,,,,
,,,,,
,,,,,
,,,,,
,,,,,
,,,,,
,,,,,
,,,,,
,,,,,
,,,,,
,,,,,
,,,,,
,,,,,
,,,,,
,,,,,
,,,,,
,,,,,
,,,,,
,,,,,
,,,,,
,,,,,
,,,,,
,,,,,
,,,,,
,,,,,
,,,,,
,,,,,
,,,,,
,,,,,
,,,,,
,,,,,
,,,,,
,,,,,
,,,,,
,,,,,
,,,,,
,,,,,
,,,,,
,,,,,
,,,,,
,,,,,
,,,,,
,,,,,
,,,,,
,,,,,
,,,,,
,,,,,
,,,,,
,,,,,
,,,,,
,,,,,
,,,,,
,,,,,
,,,,,
,,,,,
,,,,,
,,,,,
,,,,,
,,,,,
,,,,,
,,,,,
,,,,,
,,,,,
,,,,,
,,,,,
,,,,,
,,,,,
,,,,,
,,,,,
,,,,,
,,,,,
,,,,,
,,,,,
,,,,,
,,,,,
,,,,,
,,,,,
,,,,,
,,,,,
,,,,,
,,,,,
,,,,,
,,,,,
,,,,,
,,,,,
,,,,,
,,,,,
,,,,,
,,,,,
,,,,,
,,,,,
,,,,,
,,,,,
,,,,,
,,,,,
,,,,,
,,,,,
,,,,,
,,,,,
,,,,,
,,,,,
,,,,,
,,,,,
,,,,,
,,,,,
,,,,,
,,,,,
,,,,,
,,,,,
,,,,,
,,,,,
,,,,,
,,,,,
,,,,,
,,,,,
,,,,,
,,,,,
,,,,,
,,,,,
,,,,,
,,,,,
,,,,,
,,,,,
,,,,,
,,,,,
,,,,,
,,,,,
,,,,,
,,,,,
,,,,,
,,,,,
,,,,,
,,,,,
,,,,,
,,,,,
,,,,,
,,,,,
,,,,,
,,,,,
,,,,,
,,,,,
,,,,,
,,,,,
,,,,,
,,,,,
,,,,,
,,,,,
,,,,,
,,,,,
,,,,,
,,,,,
,,,,,
,,,,,
,,,,,
,,,,,
,,,,,
,,,,,
,,,,,
,,,,,
,,,,,
,,,,,
,,,,,
,,,,,
,,,,,
,,,,,
,,,,,
,,,,,
,,,,,
,,,,,
,,,,,
,,,,,
,,,,,
,,,,,
,,,,,
,,,,,
,,,,,
